Size,EntryBar,ExitBar,EntryPrice,ExitPrice,SL,TP,PnL,Commission,ReturnPct,EntryTime,ExitTime,Duration,Tag
0.081152,300,301,116888.2,116669.76321428572,116669.76321428572,117325.0435714286,-46.15712578043445,28.430543746148572,-0.004865963634787057,2025-09-17 02:45:00+00:00,2025-09-17 03:00:00+00:00,0 days 00:15:00,score=80
0.080398,398,409,117440.32,117029.74428571429,117029.74428571429,118261.47142857144,-61.28585261980794,28.276386342664285,-0.0064907930318504736,2025-09-18 03:15:00+00:00,2025-09-18 06:00:00+00:00,0 days 02:45:00,score=80
0.07790699999999999,1883,1886,120448.88,121238.34714285716,120054.14642857142,121238.34714285716,33.2613264910448,28.24369020752786,0.0035445435619066686,2025-10-03 14:30:00+00:00,2025-10-03 15:15:00+00:00,0 days 00:45:00,score=80
0.077018,2023,2026,122248.01,122587.69357142856,122078.1682142857,122587.69357142856,-2.1233850222112416,28.285134326496426,-0.0002255250120519448,2025-10-05 01:30:00+00:00,2025-10-05 02:15:00+00:00,0 days 00:45:00,score=80
0.076013,2124,2168,123839.08,125004.82071428574,123256.19464285714,125004.82071428574,60.238391777509456,28.373057137492502,0.0063992308664947645,2025-10-06 02:45:00+00:00,2025-10-06 13:45:00+00:00,0 days 11:00:00,score=80
0.077149,2456,2457,122755.99,122159.92464285714,122159.92464285714,123948.1507142857,-74.32837308638747,28.342526848172678,-0.007848409100909488,2025-10-09 13:45:00+00:00,2025-10-09 14:00:00+00:00,0 days 00:15:00,score=80
0.09866599999999999,12051,12058,95270.24,95475.7357142857,95167.49214285715,95475.7357142857,-7.954773514025696,28.230213659738574,-0.0008462584883351201,2026-01-17 12:30:00+00:00,2026-01-17 14:15:00+00:00,0 days 01:45:00,score=80
0.098328,12186,12189,95521.73,95373.69214285715,95373.69214285715,95817.83571428573,-42.711814019834726,28.155547602694284,-0.004547457320518818,2026-01-18 22:15:00+00:00,2026-01-18 23:00:00+00:00,0 days 00:45:00,score=80
0.125076,20548,20585,74770.17,74412.2125,74412.2125,75486.11499999999,-72.76059578035571,27.988703510355002,-0.007780256133562465,2026-04-16 00:45:00+00:00,2026-04-16 10:00:00+00:00,0 days 09:15:00,score=80
0.123721,20670,20676,75031.1,75421.1635714286,74836.08321428571,75421.1635714286,20.337898368734407,27.921156751981073,0.002190893856966381,2026-04-17 07:15:00+00:00,2026-04-17 08:45:00+00:00,0 days 01:30:00,score=80
0.120485,20758,20767,77206.58,76994.41035714286,76994.41035714286,77630.91928571428,-53.43161890441313,27.868359484770536,-0.005743955092854209,2026-04-18 05:15:00+00:00,2026-04-18 07:30:00+00:00,0 days 02:15:00,score=80
0.12197699999999999,20897,20900,75846.63,75460.24285714286,75460.24285714286,76619.40428571428,-74.81428217002951,27.68393764574357,-0.008086680346151901,2026-04-19 16:00:00+00:00,2026-04-19 16:45:00+00:00,0 days 00:45:00,score=80
0.120361,21002,21021,76275.24,75773.84892857143,75773.84892857143,77278.02214285717,-87.79910133701242,27.45117058879768,-0.009563584523908812,2026-04-20 18:15:00+00:00,2026-04-20 23:00:00+00:00,0 days 04:45:00,score=80
0.119713,21052,21059,75992.07,76428.50000000001,75773.84,76428.50000000001,24.87625904538518,27.370085544615005,0.0027344845981955752,2026-04-21 06:45:00+00:00,2026-04-21 08:30:00+00:00,0 days 01:45:00,score=80
0.11698499999999999,21155,21176,77965.76,78678.08428571429,77609.59785714284,78678.08428571429,55.843786378639294,27.487470185646426,0.006122668711056173,2026-04-22 08:30:00+00:00,2026-04-22 13:45:00+00:00,0 days 05:15:00,score=80
0.117001,21315,21317,78408.0,78169.8425,78169.8425,78884.285,-55.344311883014036,27.479646225513747,-0.006032857154244509,2026-04-24 00:30:00+00:00,2026-04-24 01:00:00+00:00,0 days 00:30:00,score=80
0.117618,21506,21507,77550.27,77447.97,77447.97,77754.87000000001,-39.37819588847996,27.345874488480003,-0.004317165626889526,2026-04-26 00:15:00+00:00,2026-04-26 00:30:00+00:00,0 days 00:15:00,score=80
0.11559799999999999,21602,21622,78582.58,78081.9789285714,78081.9789285714,79583.81214285715,-85.03364717953949,27.1651645245375,-0.009360826659311075,2026-04-27 00:15:00+00:00,2026-04-27 05:15:00+00:00,0 days 05:00:00,score=80
0.11490399999999999,22089,22099,78355.0,78191.19571428571,78191.19571428571,78682.60857142857,-45.8034437542461,26.981676108531428,-0.005087404496020872,2026-05-02 02:00:00+00:00,2026-05-02 04:30:00+00:00,0 days 02:30:00,score=80
0.113824,22224,22245,78717.1,78577.6532142857,78577.6532142857,78995.96357142857,-42.72826792193884,26.855876984794286,-0.00476883568545753,2026-05-03 11:45:00+00:00,2026-05-03 17:00:00+00:00,0 days 05:15:00,score=80
0.111814,22281,22313,79769.43,79326.10607142857,79326.10607142857,80656.07785714284,-76.25348415472122,26.68366240543607,-0.0085492303590306,2026-05-04 02:00:00+00:00,2026-05-04 10:00:00+00:00,0 days 08:00:00,score=80
0.11021099999999999,22375,22379,80273.0,80742.81714285714,80038.09142857142,80742.81714285714,25.160445796731135,26.61857133469714,0.0028439626916005995,2026-05-05 01:30:00+00:00,2026-05-05 02:30:00+00:00,0 days 01:00:00,score=80
0.10869,22479,22484,81616.28,81275.27249999999,81275.27249999999,82298.325,-63.62112943683793,26.557024261837498,-0.007171912622702289,2026-05-06 03:30:00+00:00,2026-05-06 04:45:00+00:00,0 days 01:15:00,score=80
0.10956199999999999,22803,22810,80416.21,80308.23857142856,80308.23857142856,80632.12285714287,-38.24350370871846,26.413938051574284,-0.004340643527325907,2026-05-09 12:30:00+00:00,2026-05-09 14:15:00+00:00,0 days 01:45:00,score=80
0.10865899999999999,22871,22893,80750.0,80974.59571428572,80637.68714285716,80974.59571428572,-1.9549035500056036,26.35924926857786,-0.0002228009818663764,2026-05-10 05:30:00+00:00,2026-05-10 11:00:00+00:00,0 days 05:30:00,score=80
0.10714,22946,22948,81877.73,81293.39285714287,81293.39285714287,83046.37428571428,-88.82911264008467,26.22323115437143,-0.010125999183695552,2026-05-11 00:15:00+00:00,2026-05-11 00:45:00+00:00,0 days 00:30:00,score=80
0.10695199999999999,23174,23178,81234.17,81070.42964285714,81070.42964285714,81561.6207142857,-43.550560988646644,26.038202311504282,-0.005012635158420832,2026-05-13 09:15:00+00:00,2026-05-13 10:15:00+00:00,0 days 01:00:00,score=80
0.106067,23334,23335,81521.99,81239.99785714285,81239.99785714285,82086.00428571431,-55.80557426549484,25.895513649065357,-0.006453904334804211,2026-05-15 01:15:00+00:00,2026-05-15 01:30:00+00:00,0 days 00:15:00,score=80
0.107569,32642,32653,69572.86,68939.21214285714,68939.21214285714,70839.73571428572,-90.51027397750258,22.349407632502498,-0.012094025822097034,2026-08-20 00:15:00+00:00,2026-08-20 03:00:00+00:00,0 days 02:45:00,score=80
0.11576299999999999,32738,32742,73495.41,74215.95499999999,73135.12249999998,74215.95499999999,57.76318471525624,25.6492661197425,0.006789239661360925,2026-08-21 00:15:00+00:00,2026-08-21 01:15:00+00:00,0 days 01:00:00,score=80
0.11109,32978,32982,77080.01,77699.86714285715,76770.09642857143,77699.86714285715,43.068185172301696,25.7917448277,0.005029674063909355,2026-08-23 12:15:00+00:00,2026-08-23 13:15:00+00:00,0 days 01:00:00,score=80
0.110521,33066,33069,77846.41,77507.15964285714,77507.15964285714,78524.94071428572,-63.24903652753447,25.75474780574732,-0.007351407876190515,2026-08-24 10:15:00+00:00,2026-08-24 11:00:00+00:00,0 days 00:45:00,score=80
0.108197,33122,33122,78963.99,78722.05178571428,78722.05178571428,79447.86642857142,-51.768723965704496,25.59173499463339,-0.006059309781132968,2026-08-25 00:15:00+00:00,2026-08-25 00:15:00+00:00,0 days 00:00:00,score=80
0.107528,33252,33252,78998.97,78713.30607142857,78713.30607142857,79570.32785714285,-56.15459934354196,25.43772843211286,-0.006610622172397622,2026-08-26 08:45:00+00:00,2026-08-26 08:45:00+00:00,0 days 00:00:00,score=80
0.10699,33316,33317,78897.99,78638.49107142858,78638.49107142858,79416.98785714286,-53.046032532604976,25.282242164748215,-0.006284110028386908,2026-08-27 00:45:00+00:00,2026-08-27 01:00:00+00:00,0 days 00:15:00,score=80
0.104337,33411,33414,80421.58,80888.00928571429,80188.36535714284,80888.00928571429,23.419994457616504,25.245837925955357,0.002791102858035358,2026-08-28 00:30:00+00:00,2026-08-28 01:15:00+00:00,0 days 00:45:00,score=80
0.10632899999999999,33666,33670,79124.0,78850.49,78850.49,79671.02000000002,-54.277949110815484,25.195904320814996,-0.006451541062130356,2026-08-30 16:15:00+00:00,2026-08-30 17:15:00+00:00,0 days 01:00:00,score=80
0.102569,34072,34075,81522.54,81031.34785714286,81031.34785714286,82504.92428571428,-75.39057148614336,25.00948458542893,-0.009016193247203243,2026-09-03 21:45:00+00:00,2026-09-03 22:30:00+00:00,0 days 00:45:00,score=80
0.10201099999999999,34099,34101,81267.65,80996.37142857142,80996.37142857142,81810.17714285715,-52.50247098492495,24.829072634924998,-0.006333080919300963,2026-09-04 04:30:00+00:00,2026-09-04 05:00:00+00:00,0 days 00:30:00,score=80
0.10335799999999999,34228,34232,79726.91,79641.82142857142,79641.82142857142,79897.08714285716,-33.50263458020681,24.708050014491427,-0.004065649459780174,2026-09-05 12:45:00+00:00,2026-09-05 13:45:00+00:00,0 days 01:00:00,score=80
0.10258199999999999,34296,34298,80020.0,79872.88214285714,79872.88214285714,80314.23571428572,-39.69484147539661,24.60319745396786,-0.004835755815510434,2026-09-06 05:45:00+00:00,2026-09-06 06:15:00+00:00,0 days 00:30:00,score=80
0.10171999999999999,34370,34373,80328.01,80038.99178571427,80038.99178571427,80906.01642857143,-53.86772988960733,24.46879713246428,-0.006592578565861241,2026-09-07 00:15:00+00:00,2026-09-07 01:00:00+00:00,0 days 00:45:00,score=80
